{
  "Total" : {
    "transaction" : "Total",
    "sampleCount" : 565,
    "errorCount" : 0,
    "errorPct" : 0.0,
    "meanResTime" : 315.52920353982324,
    "medianResTime" : 298.0,
    "minResTime" : 52.0,
    "maxResTime" : 1297.0,
    "pct1ResTime" : 486.80000000000007,
    "pct2ResTime" : 566.0999999999991,
    "pct3ResTime" : 807.1200000000038,
    "throughput" : 28.073139222895758,
    "receivedKBytesPerSec" : 14.667118636962138,
    "sentKBytesPerSec" : 6.881208930612143
  },
  "Signin" : {
    "transaction" : "Signin",
    "sampleCount" : 565,
    "errorCount" : 0,
    "errorPct" : 0.0,
    "meanResTime" : 315.52920353982324,
    "medianResTime" : 298.0,
    "minResTime" : 52.0,
    "maxResTime" : 1297.0,
    "pct1ResTime" : 486.80000000000007,
    "pct2ResTime" : 566.0999999999991,
    "pct3ResTime" : 807.1200000000038,
    "throughput" : 28.073139222895758,
    "receivedKBytesPerSec" : 14.667118636962138,
    "sentKBytesPerSec" : 6.881208930612143
  }
}